x1,x2,x3,x4,x5,y,y_class
0.27336921,0.449675901,0.482899285,0.541555333,0.759768859,5.459431326,0
0.960135017,0.057241124,0.177276066,0.884971538,0.682597559,6.033777144,1
0.14728507,0.184039006,0.894941862,0.759172824,0.094448439,4.388525852,0
0.837006841,0.904891072,0.255658339,0.662874203,0.602433387,7.412008139,1
0.051518483,0.025456769,0.201692481,0.866329894,0.548507472,4.03630833,0
0.799733174,0.505481899,0.453435235,0.973890902,0.237286365,6.708586738,1
0.02524173,0.464877463,0.275075387,0.84066043,0.162581831,4.431972529,0
0.200282893,0.771190529,0.683776992,0.428465264,0.643241039,5.919156267,0
0.318378498,0.611128637,0.384306762,0.007671487,0.988207543,4.757504545,0
0.126610849,0.648007812,0.166858732,0.008886455,0.091543281,2.418339543,0
0.039778824,0.528313848,0.20041256,0.085556938,0.360155572,2.745545166,0
0.072287212,0.948697681,0.216978052,0.899462979,0.370325068,6.326274423,1
0.375711442,0.712078027,0.987178062,0.797040916,0.58335637,7.439413597,1
0.74194625,0.522865881,0.56229061,0.269075738,0.723252399,5.74769211,0
0.981915673,0.038477167,0.120000527,0.554022491,0.419438845,4.461873741,0
0.082148734,0.497822419,0.505697173,0.970740706,0.503632343,6.002901546,1
0.990392353,0.708590828,0.647626454,0.05024556,0.852437112,6.440989717,1
0.478806658,0.033000816,0.10813533,0.512093598,0.028648784,2.62830359,0
0.803259854,0.066208971,0.557973681,0.369864177,0.776330347,5.014774918,0
0.566960358,0.399607118,0.731945269,0.503440072,0.083000436,4.732895034,0
0.696653682,0.275300602,0.26490909,0.238036959,0.767774436,4.581735343,0
0.783938921,0.372361237,0.769779751,0.113359243,0.692530967,5.196887459,0
0.917823281,0.28385751,0.111064518,0.531127505,0.426914254,4.946385358,0
0.608398198,0.527733316,0.714355131,0.038905561,0.304426605,4.233694792,0
0.911017544,0.266278842,0.808175509,0.168457684,0.956152554,5.87776248,0
0.022655093,0.504810626,0.808537678,0.105234082,0.246601353,3.332196155,0
0.865854834,0.836512417,0.512046669,0.8942652,0.236860011,7.572408971,1
0.790556102,0.087420147,0.621989085,0.002293986,0.617812933,3.763011042,0
0.95791892,0.303923495,0.548329221,0.546083341,0.180760707,5.234658417,0
0.270005905,0.559610396,0.656705582,0.161319399,0.028192621,3.433877932,0
0.353386932,0.053862109,0.581698801,0.296737841,0.265463809,2.977371993,0
0.100718559,0.129001022,0.544622449,0.557440643,0.796783094,4.491347058,0
0.30746516,0.169186627,0.28957057,0.538269359,0.530666353,4.024252725,0
0.985742594,0.823690953,0.485456931,0.109780953,0.966977163,6.917184715,1
0.85651468,0.162346777,0.76047128,0.843433339,0.474682026,6.41298926,1
0.4128777,0.727734643,0.337548237,0.094203545,0.948885314,5.346238124,0
0.859978316,0.796114833,0.459162736,0.450196472,0.886440483,7.400338815,1
0.530211938,0.326901794,0.830315918,0.322956797,0.72785987,5.379856895,0
0.361599396,0.77067519,0.509222181,0.346382772,0.013561726,4.464645146,0
0.149300524,0.737442528,0.850954192,0.725169355,0.098207876,5.73433064,0
0.33037499,0.491043188,0.1318141,0.802943297,0.191370669,4.796337231,0
0.129921164,0.255073116,0.203247115,0.44707982,0.072300033,2.637747041,0
0.208771672,0.415844164,0.02870554,0.070235421,0.961935057,3.664113976,0
0.46630366,0.153972099,0.94425271,0.738036446,0.077513201,4.851689496,0
0.105931893,0.717685778,0.014641886,0.651190554,0.075038096,4.173205597,0
0.173010096,0.720963423,0.735198512,0.154568113,0.557130682,4.845579992,0
0.629601664,0.534919611,0.013686041,0.481674724,0.477972731,4.932666195,0
0.01015457,0.223024862,0.332042697,0.898638741,0.10517346,3.883809962,0
0.941258937,0.956128943,0.688993209,0.476865864,0.293075049,7.188278293,1
0.479897267,0.81903,0.110187288,0.911189962,0.583579778,7.015773425,1
0.008329636,0.719672491,0.524334006,0.43419108,0.978306438,5.901108192,0
0.41987024,0.902250948,0.182085993,0.171022641,0.431014818,4.79674294,0
0.719766488,0.090398276,0.895247828,0.085801361,0.814221753,4.660824889,0
0.61999102,0.982915313,0.843945484,0.218374626,0.297424793,6.167682334,1
0.709851589,0.302387439,0.073761341,0.405261199,0.331227288,4.018486036,0
0.167467419,0.465005845,0.52833053,0.62278822,0.055159393,4.198501981,0
0.708635466,0.219308489,0.387065135,0.861742918,0.785699435,6.455145561,1
0.170901696,0.502527049,0.738171775,0.717390641,0.967488787,6.698662445,1
0.691472257,0.341760203,0.758921816,0.912479699,0.164300173,6.177774493,1
0.409691858,0.532155007,0.508997351,0.007422527,0.814466158,4.533472285,0
0.737904624,0.804685695,0.110811664,0.064720716,0.113692439,4.060431192,0
0.809657104,0.378201014,0.106288429,0.69615411,0.606438096,5.835816687,0
0.276800207,0.084418682,0.581082444,0.226117549,0.752800195,3.694412368,0
0.438400691,0.673037263,0.125850682,0.168762251,0.382783399,4.02918125,0
0.177458327,0.259094384,0.160999017,0.987419993,0.680933671,5.449070281,0
0.711633129,0.151876203,0.069862356,0.688659761,0.902854414,5.570416098,0
0.826079872,0.052740128,0.092537012,0.310409431,0.620579541,3.884534297,0
0.736291171,0.836645663,0.761310038,0.965272024,0.54863297,8.518876301,1
0.462710103,0.443684981,0.076938713,0.34489723,0.938677227,5.005062431,0
0.389811289,0.846511694,0.439224823,0.121831224,0.094758185,4.137668913,0
0.585690366,0.381639956,0.330367658,0.587247387,0.605910247,5.443876074,0
0.196954426,0.400815887,0.345586118,0.266451854,0.712330635,4.111448288,0
0.670816995,0.711316865,0.952692589,0.236316175,0.490296698,6.115239706,1
0.345253034,0.417534866,0.317259546,0.321019834,0.323210231,3.760078679,0
0.139925665,0.702740721,0.046711583,0.983827909,0.519260354,6.085826931,1
0.641834632,0.014696943,0.955553438,0.02275055,0.799243791,4.190022697,0
0.025422796,0.762526194,0.303702876,0.61985337,0.240623485,4.79634121,0
0.253301374,0.284748611,0.516124076,0.54277362,0.323738415,4.155356844,0
0.112765849,0.200784276,0.873123217,0.312887558,0.854081122,4.576989196,0
0.357606305,0.303270644,0.329418508,0.237191654,0.387027065,3.376999264,0
0.55174374,0.458633222,0.875133497,0.329946125,0.80253849,6.006389555,1
0.951455729,0.802982051,0.354037837,0.660476597,0.915684019,8.099327901,1
0.508282192,0.163761828,0.419135304,0.68181691,0.560782606,5.023566115,0
0.249255012,0.907196151,0.816432557,0.556592113,0.665938265,6.974047583,1
0.39110674,0.458098256,0.549546161,0.28113813,0.298954769,4.113322925,0
0.696012776,0.336739781,0.487760826,0.800858322,0.726769257,6.597301417,1
0.162994855,0.840426723,0.647516164,0.210607793,0.577871032,5.230394836,0
0.255877011,0.814842379,0.868595248,0.78864206,0.280900863,6.707012648,1
0.296036195,0.074261354,0.538102575,0.654816555,0.451453662,4.272547851,0
0.638824888,0.61706496,0.185234278,0.321510461,0.267837295,4.52914385,0
0.975350721,0.588201548,0.897014608,0.73117962,0.363507388,7.420455468,1
0.471144281,0.694578231,0.32390808,0.461595132,0.106903307,4.714181767,0
0.696748289,0.338182749,0.593610525,0.712653475,0.263863062,5.56993321,0
0.84304689,0.595152093,0.422385226,0.455183642,0.083842493,5.183556319,0
0.506543844,0.237798215,0.820227072,0.377391489,0.995472358,5.775390079,0
0.062495838,0.41787537,0.333050777,0.064001198,0.771699835,3.435481167,0
0.584360769,0.040410073,0.639220263,0.262442318,0.161869154,3.128164179,0
0.940740164,0.964197247,0.10306591,0.60838102,0.066702369,6.314402992,1
0.401045355,0.91564171,0.555588754,0.319293244,0.502225258,5.891744432,0
0.397489104,0.385510909,0.634908127,0.172122706,0.369350576,3.875217106,0
0.464860073,0.540834481,0.120071959,0.850861684,0.227761527,5.365519019,0
0.930411034,0.02322438,0.915585443,0.359004293,0.446882988,4.935762069,0
0.969475557,0.055032782,0.830225325,0.916565449,0.356836433,6.397451817,1
0.477414656,0.822466108,0.738624073,0.140576721,0.556012843,5.625870852,0
0.97095398,0.88017302,0.356801681,0.31268898,0.895007605,7.303433756,1
0.404243647,0.711252967,0.598779156,0.589352167,0.965935942,7.112195223,1
0.196371486,0.65821359,0.302931557,0.49169907,0.563575185,5.096567561,0
0.059763584,0.637987079,0.594620022,0.22248824,0.55932939,4.422374238,0
0.000303099,0.530013311,0.212483547,0.315242373,0.775474658,4.189452845,0
0.34690945,0.386678563,0.113643435,0.812420628,0.183716673,4.530632304,0
0.3530566,0.428214536,0.609906954,0.77403404,0.444337233,5.759742303,0
0.555720866,0.444352259,0.973389968,0.040481121,0.985000345,5.644126562,0
0.062123887,0.071790114,0.416312432,0.172710532,0.229179008,1.843908807,0
0.62621118,0.006720562,0.019426236,0.265730127,0.163320334,2.256651702,0
0.953706231,0.74491471,0.610288085,0.231131368,0.670452388,6.577850092,1
0.125379109,0.35400545,0.250233303,0.679170383,0.393167702,4.273326248,0
0.244625275,0.926252153,0.269905235,0.800607102,0.177241522,5.97647949,0
0.938716738,0.324966984,0.362078447,0.327145322,0.296210067,4.596998574,0
0.797894397,0.431876706,0.633358837,0.743705258,0.755870038,7.133729725,1
0.069354364,0.495954514,0.717011872,0.35309264,0.252744595,3.989731538,0
0.342336334,0.471592316,0.790375426,0.300000992,0.080857777,4.017460006,0
0.117400198,0.42215224,0.767484756,0.749765077,0.496111265,5.576622036,0
0.065855601,0.836387535,0.319447807,0.595277728,0.776438995,6.09198796,1
0.613646823,0.758758288,0.752379143,0.90089139,0.025624762,6.844433025,1
0.312007396,0.976319978,0.904082652,0.680640521,0.012137706,6.443881259,1
0.344333656,0.276170381,0.577210882,0.786722956,0.253784947,4.942919083,0
0.509479209,0.71417376,0.944810203,0.336488419,0.792501424,6.717117283,1
0.982572052,0.628564387,0.363034264,0.615035417,0.764450328,7.262959628,1
0.208892738,0.603984553,0.30853854,0.087237734,0.887292583,4.463607997,0
0.971887046,0.599488337,0.465625215,0.973169788,0.717673772,8.246767842,1
0.042103805,0.889161628,0.245668336,0.31188379,0.443260409,4.605544219,0
0.842750116,0.073114075,0.749250723,0.867489358,0.973394653,7.19945892,1
0.645311203,0.692991988,0.036269601,0.095290596,0.366507203,4.083211267,0
0.000372873,0.598682849,0.030695399,0.790401432,0.139808718,4.216336752,0
0.979233077,0.546242459,0.177087114,0.552491793,0.403744485,5.872138929,0
0.279355417,0.10739458,0.468550847,0.085828082,0.014268343,1.720894781,0
0.380357536,0.536135317,0.229466004,0.786701718,0.518950602,5.753156732,0
0.710897108,0.758778786,0.648830116,0.478811883,0.806659175,7.221347907,1
0.707876768,0.708338892,0.241543742,0.69240642,0.35353299,6.217555567,1
0.692188457,0.859590583,0.43970984,0.278707623,0.864396973,6.706629814,1
0.966647505,0.460034165,0.244600609,0.650923021,0.424297348,6.036033781,1
0.683705896,0.585252991,0.163225937,0.565279995,0.217752489,5.094428693,0
0.652812028,0.411274932,0.204884842,0.716957323,0.359076845,5.347565123,0
0.584709966,0.095220795,0.419290512,0.175291665,0.840227882,4.075955789,0
0.432654216,0.47890945,0.905843492,0.413009319,0.853174488,6.23191165,1
0.123238122,0.357037747,0.429764626,0.854430438,0.749990627,5.748139814,0
0.611136272,0.402009881,0.115792111,0.007036048,0.363838689,3.088305025,0
0.220111089,0.625867842,0.129724085,0.507766898,0.24535848,4.218371752,0
0.032702311,0.378915038,0.610896957,0.580492509,0.313112673,4.235435369,0
0.037302432,0.477470606,0.526626492,0.630097582,0.647751931,5.204587573,0
0.832443878,0.9435098,0.186807753,0.785213467,0.129197615,6.816652936,1
0.769651457,0.169471766,0.320727267,0.916300807,0.063454624,5.047941577,0
0.080462232,0.038665592,0.121353391,0.986200578,0.509794491,4.27894409,0
0.433885371,0.692661767,0.420398093,0.667253693,0.115486252,5.386991373,0
0.878319081,0.796018996,0.217295938,0.469400178,0.322355939,6.020250901,1
0.90081482,0.355091372,0.774889456,5.34604E-05,0.755864708,5.166743138,0
0.367419567,0.45885815,0.945728053,0.618817905,0.264728965,5.531698,0
0.442372782,0.618442618,0.036490349,0.560568355,0.728029668,5.583353976,0
0.274411362,0.627618315,0.640474119,0.362289213,0.697461663,5.521317502,0
0.429823018,0.142705027,0.306090676,0.772672573,0.268397164,4.344552387,0
0.217252242,0.920428179,0.183632516,0.214305587,0.422319675,4.593155442,0
0.438937043,0.598829866,0.957506601,0.558953954,0.661146323,6.675132701,1
0.212750647,0.011924946,0.253146951,0.774185042,0.449656877,3.896654478,0
0.913477247,0.738471195,0.889679261,0.452910595,0.500518573,7.178227726,1
0.700965275,0.683871491,0.853317044,0.010029843,0.052262012,4.427236331,0
0.926704563,0.786140789,0.056057327,0.803302923,0.377981859,6.927313542,1
0.106353793,0.598841477,0.337779308,0.036433839,0.311239354,3.007847891,0
0.747680723,0.505317456,0.086456037,0.331075679,0.64647591,5.069243763,0
0.108327355,0.011108029,0.429825261,0.530816333,0.901584714,4.159051664,0
0.432596358,0.150559575,0.392159407,0.481758963,0.796025402,4.709692383,0
0.713633953,0.182284206,0.972760664,0.870174074,0.701433545,7.039667451,1
0.482419813,0.133568742,0.547249203,0.669344902,0.849701872,5.61768516,0
0.094642001,0.158425553,0.852962772,0.507814785,0.115797647,3.4853556,0
0.335285031,0.713906726,0.69868807,0.287333929,0.277449181,4.887840786,0
0.394775926,0.409283436,0.941399851,0.113987107,0.70765842,4.873504673,0
0.073299724,0.796626718,0.402807145,0.976870053,0.131515946,5.922489424,0
0.323411502,0.05474649,0.565948962,0.064808252,0.205811012,2.116761836,0
0.897755439,0.318568517,0.640649709,0.856687709,0.360204518,6.549723605,1
0.472312192,0.043501026,0.856871409,0.903421768,0.639563727,6.043355902,1
0.869234144,0.203819116,0.250156112,0.035610516,0.781546562,4.121066087,0
0.867907841,0.893250491,0.876783636,0.608505846,0.692409598,8.328925578,1
0.49715647,0.950725937,0.669140803,0.917966492,0.79137998,8.620261983,1
0.02368187,0.102437215,0.238418425,0.982608145,0.036997613,3.556666458,0
0.173193564,0.732939766,0.947670929,0.017890335,0.40954376,4.486604338,0
0.386263087,0.938551375,0.580960818,0.615303481,0.766873754,7.345041272,1
0.981010036,0.077268124,0.289042236,0.942751682,0.947286271,6.977939957,1
0.44481558,0.160219745,0.794129552,0.516340222,0.338892947,4.504783643,0
0.247440021,0.374365442,0.615035334,0.65651383,0.964250252,6.135200311,1
0.995739942,0.922580244,0.383310085,0.976729026,0.655258992,8.931796149,1
0.399782879,0.160030808,0.025273544,0.861975102,0.214584165,4.093963942,0
0.772947613,0.2505671,0.321152363,0.838196293,0.978555894,6.880476085,1
0.515909328,0.160947092,0.030673938,0.64308984,0.207014389,3.665972175,0
0.976711248,0.395045137,0.538871375,0.055807475,0.687640023,5.103805648,0
0.942551668,0.240065866,0.709788653,0.542809904,0.38385782,5.657997662,0
0.547567743,0.564209004,0.048451292,0.891492431,0.098328712,5.334051956,0
0.0019545,0.225844357,0.911178979,0.729246076,0.642429818,5.275296221,0
0.215229078,0.100354743,0.855354348,0.528543576,0.947906133,5.272981835,0
0.875933848,0.633041145,0.961303719,0.965477833,0.162467715,7.726166608,1
0.923784221,0.415457689,0.973999335,0.771465465,0.807867924,7.975309354,1
0.215368382,0.702132401,0.251791364,0.877071925,0.782549861,6.725760657,1
0.645829531,0.62552011,0.2237936,0.66989627,0.307300653,5.700829873,0
0.690018634,0.302092411,0.1407175,0.750009433,0.031966191,4.46974079,0
0.270108785,0.193717391,0.271753781,0.691388869,0.908560774,5.196315261,0
0.327245606,0.693339218,0.06304526,0.704302989,0.869045295,6.313288441,1
0.818096873,0.479395315,0.671145228,0.196683017,0.019625115,4.301646351,0
0.289576074,0.477957263,0.972183343,0.211905928,0.331084818,4.442134614,0
0.769322317,0.69668603,0.661262818,0.713683583,0.447869989,7.133643643,1
0.865597901,0.783808308,0.656968189,0.202211654,0.250361448,5.666454528,0
0.414032939,0.79788112,0.400417034,0.151354749,0.045528579,3.981789626,0
0.476667539,0.544145621,0.522918465,0.080527879,0.031125673,3.347317809,0
0.737982883,0.499412384,0.252627123,0.109206634,0.447623457,4.231524087,0
0.676627698,0.682122053,0.580649578,0.67807877,0.304160151,6.425568129,1
0.801633004,0.559548825,0.218816667,0.775649839,0.158731722,5.801295781,0
0.650675409,0.774982961,0.393335879,0.216720382,0.183340757,4.797084076,0
0.15759199,0.97614665,0.394675128,0.438135468,0.985360788,6.704280463,1
0.622387987,0.892584037,0.846372235,0.921962633,0.805075352,8.974118603,1
0.189181175,0.124726919,0.075494507,0.768422666,0.563047175,4.120799472,0
0.915186177,0.230667648,0.139654639,0.058279009,0.933990487,4.491449345,0
0.876684713,0.55552158,0.574685064,0.993317801,0.654032828,8.041231924,1
0.73710382,0.52995209,0.745410162,0.002219523,0.175707574,4.149808188,0
0.337252181,0.523615932,0.81431902,0.448519457,0.60003924,5.649493887,0
0.842356727,0.48733025,0.07272005,0.475962629,0.773008291,5.841226189,0
0.24442245,0.893267399,0.839252035,0.862911827,0.159289456,6.827641297,1
0.951434967,0.370398446,0.505361743,0.438138737,0.334605781,5.339516867,0
0.963028829,0.317607578,0.535383169,0.087720583,0.352856844,4.287064096,0
0.149345147,0.262799237,0.851470893,0.575783971,0.325550954,4.478507816,0
0.027572258,0.067841884,0.788155185,0.475172931,0.915275871,4.536742304,0
0.882135053,0.439009157,0.787232532,0.637960851,0.538793132,6.779816709,1
0.588642733,0.761343006,0.542005786,0.590331293,0.034601637,5.635765382,0
0.754563267,0.38078142,0.238145935,0.698470166,0.825977064,6.375118862,1
0.82755836,0.13434072,0.775528014,0.956099351,0.635797797,6.953739274,1
0.591008198,0.759583178,0.981178322,0.15554548,0.13383903,5.196572602,0
0.203352451,0.743762801,0.90235974,0.457308864,0.195975098,5.344245703,0
0.253023525,0.271270698,0.590528502,0.269856801,0.057567882,2.903762312,0
0.892950086,0.800077304,0.538166126,0.582190702,0.958546899,8.105063216,1
0.721415766,0.338398633,0.178812628,0.747452783,0.932389651,6.472492057,1
0.712521121,0.987032571,0.878327973,0.170759613,0.49625335,6.653209241,1
0.088187194,0.867797774,0.672103127,0.011339875,0.512764786,4.500802827,0
0.185431264,0.514882651,0.64894618,0.040554298,0.821044791,4.390601527,0
0.263251917,0.470920765,0.696641004,0.764516293,0.171325265,5.262014749,0
0.738891507,0.279322104,0.676105025,0.848107398,0.735436286,6.93600859,1
0.826278004,0.432250611,0.546362855,0.843289288,0.38208314,6.602147034,1
0.958617307,0.415299327,0.067580096,0.330101075,0.672993506,5.226993539,0
0.640641991,0.602554215,0.019445733,0.034942428,0.152372821,3.204632223,0
0.896240048,0.014004876,0.005383866,0.652744325,0.05885707,3.644667053,0
0.790828974,0.619658894,0.013178253,0.97905689,0.038370371,6.001241271,1
0.167895407,0.199752124,0.005039961,0.627833243,0.078543371,2.811819341,0
0.719815658,0.477216446,0.642998904,0.460404644,0.991218137,6.785377535,1
0.686324802,0.095800509,0.594111123,0.5581994,0.936120138,5.798606153,0
0.410844665,0.616565521,0.137960917,0.24948801,0.876247448,5.064824467,0
0.13726923,0.807508516,0.944146327,0.224982222,0.878367046,6.15381759,1
0.856272057,0.48985866,0.708270904,0.847677789,0.369531136,7.025469179,1
0.414697015,0.789702339,0.586364638,0.294172697,0.307393066,5.15678866,0
0.746007457,0.091108211,0.35982568,0.355140378,0.393580854,3.893616608,0
0.986484482,0.29665118,0.521062253,0.794582852,0.228550252,6.039249328,1
0.039891565,0.40564362,0.709119871,0.946216605,0.611119162,6.107856204,1
0.07531346,0.370103319,0.899794607,0.401076937,0.15876607,3.866527815,0
0.946043763,0.629002072,0.59931636,0.787237266,0.740911423,7.978476697,1
0.24917769,0.944567175,0.697112877,0.545481475,0.638008427,6.819849452,1
0.770036109,0.496770052,0.324195464,0.566980067,0.901906853,6.609727429,1
0.076384921,0.915994986,0.248954584,0.737737039,0.837107656,6.758794933,1
0.780597841,0.941927488,0.080575772,0.53994623,0.715365583,7.038145678,1
0.989852627,0.383380917,0.147892505,0.978904287,0.214570422,6.259858957,1
0.800107713,0.24602658,0.493982872,0.786696805,0.596854702,6.246230184,1
0.975118817,0.496780333,0.907957455,0.551745097,0.111554591,6.167342834,1
0.921774605,0.386543465,0.562152077,0.755163189,0.055001049,5.762873567,0
0.270008324,0.97352951,0.109940848,0.042428036,0.912136308,5.213241372,0
0.787459123,0.829255375,0.252195137,0.446770251,0.528040639,6.343087838,1
0.479159316,0.929215748,0.141550312,0.820077944,0.929394494,7.785782911,1
0.666038352,0.865388242,0.939552235,0.551262602,0.025766994,6.48135373,1
0.477577626,0.775021599,0.126471447,0.595116663,0.354348811,5.546391873,0
0.416418773,0.757972858,0.322380954,0.393240115,0.441560469,5.258535987,0
0.962835397,0.390102828,0.722137395,0.709464299,0.942353003,7.714704735,1
0.699625144,0.584299633,0.674866578,0.562747628,0.39096285,6.176073146,1
0.155757544,0.654199157,0.15105802,0.643308178,0.659593981,5.429392385,0
0.562219194,0.650953206,0.690608048,0.637367247,0.973588128,7.513851728,1
0.74864115,0.586821666,0.263556694,0.021673436,0.211642836,3.777348057,0
0.83546919,0.876526422,0.835990317,0.017660802,0.125400385,5.331905907,0
0.89064417,0.555904736,0.555259196,0.086934392,0.501737457,5.124736231,0
0.393779747,0.934789146,0.520310911,0.480552536,0.81954094,6.98076264,1
0.644962377,0.83433256,0.845547903,0.672924788,0.485424128,7.498855236,1
0.088232319,0.2217575,0.174922178,0.693008502,0.644044816,4.286549662,0
0.799471549,0.547780876,0.727506109,0.293662471,0.931895479,6.637575242,1
0.170227102,0.574229135,0.109330546,0.982986672,0.806610074,6.453512244,1
0.685954523,0.676243173,0.180914142,0.223018841,0.631677329,5.211849371,0
0.095296998,0.529246754,0.760480256,0.867147264,0.584471903,6.331431201,1
0.223397491,0.872197356,0.940495165,0.713806744,0.381401237,6.890166111,1
0.494949651,0.894653328,0.452965176,0.769032239,0.242192512,6.633872514,1
0.11862525,0.606784204,0.597465803,0.597788075,0.193765438,4.796300858,0
0.868318658,0.421854136,0.995303441,0.201114686,0.906578289,6.478296458,1
0.777842613,0.727833083,0.506288898,0.724538379,0.487779754,7.127164132,1
0.189123998,0.344028727,0.409483788,0.801377285,0.661299604,5.472007838,0
0.02750448,0.888054802,0.863586649,0.17381377,0.138090981,4.432961581,0
0.508097445,0.217458862,0.104564204,0.230630669,0.112235963,2.530411671,0
0.321927361,0.89723337,0.484355827,0.687058253,0.434094604,6.523697617,1
0.681099212,0.288371203,0.520031829,0.492137038,0.322560744,4.786892381,0
0.989779808,0.901855534,0.574588718,0.779867532,0.280269596,7.815288888,1
0.562663042,0.610145159,0.232102705,0.504890774,0.355780072,5.144171704,0
0.716650899,0.827544127,0.322791816,0.808608429,0.101801594,6.499531908,1
0.858413694,0.613411333,0.574227883,0.763106561,0.410722023,7.01412729,1
0.189279993,0.065102326,0.333287585,0.426162013,0.482494201,3.173922233,0
0.823155976,0.718156619,0.597151715,0.472148845,0.698406748,7.004013987,1
0.887445631,0.418478116,0.978864191,0.882257128,0.068078913,6.763360634,1
0.720607216,0.870281941,0.141238921,0.250680739,0.121834887,4.8010948,0
0.415180404,0.320374724,0.925698305,0.263759145,0.707739236,5.079437051,0
0.122839515,0.114945754,0.854425827,0.239247421,0.312809891,3.041341882,0
0.834661664,0.181017305,0.742300818,0.600715523,0.740383686,6.231817105,1
0.837234532,0.395109401,0.300334142,0.618807011,0.463873757,5.694240743,0
0.607355171,0.472270407,0.207859758,0.111510051,0.994394865,4.963404917,0
0.536797019,0.760726424,0.616700902,0.596000705,0.665185348,6.924781979,1
0.434964714,0.374689719,0.578601825,0.464324228,0.965397483,5.868966276,0
0.924450179,0.24651632,0.230347668,0.624917061,0.336524766,5.113556986,0
0.319493046,0.034344563,0.80563808,0.341158849,0.118370997,3.011073923,0
0.196989406,0.278736458,0.983557484,0.850986151,0.110329666,5.153309089,0
0.785562194,0.891188992,0.919265978,0.320978444,0.347920813,6.717937676,1
0.279049113,0.666181178,0.003678013,0.989179332,0.745404021,6.64363449,1
0.791131827,0.675737414,0.442901821,0.543366655,0.973364792,7.371878423,1
0.309790011,0.515002367,0.591671333,0.315464037,0.146927638,3.975126565,0
0.949836876,0.963190961,0.792201435,0.683214417,0.613241537,8.602423181,1
0.139492582,0.764871632,0.705167371,0.540559849,0.673109422,6.206038397,1
0.230804308,0.290024035,0.804481625,0.443356695,0.559823094,4.719419584,0
0.87357179,0.433351945,0.776549633,0.647107112,0.594604243,6.872358704,1
0.69882435,0.132977788,0.004320651,0.700512229,0.196573976,4.024904371,0
0.932173453,0.160076884,0.693047981,0.137902004,0.614799015,4.69625412,0
0.103428514,0.914912146,0.013214845,0.821478594,0.322820597,5.685735515,0
0.640394734,0.157319331,0.659332778,0.576321355,0.412791729,4.97842802,0
0.139377282,0.582925199,0.086993932,0.410766458,0.584473317,4.297879724,0
0.236211444,0.784093063,0.982112366,0.839791301,0.043777874,6.420360686,1
0.877405265,0.48327487,0.375482332,0.426136641,0.853362601,6.334146074,1
0.044281323,0.950163813,0.389111661,0.013773132,0.450135444,4.130167124,0
0.379095763,0.79622404,0.437151921,0.888082313,0.798169472,7.594874072,1
0.626845512,0.211554906,0.285116736,0.588966112,0.278139142,4.343591571,0
0.78210959,0.121311718,0.538789218,0.211065965,0.314791972,3.717559888,0
0.918874449,0.431712476,0.205125728,0.150320577,0.002926859,3.533611177,0
0.459117703,0.416861049,0.240825815,0.396202649,0.899223447,5.22443328,0
0.420159025,0.436031535,0.658282886,0.202176949,0.966403574,5.36671493,0
0.626330239,0.753185281,0.557238478,0.440596103,0.12554695,5.453248036,0
0.941366233,0.662090582,0.929154582,0.368081302,0.72983943,7.291895132,1
0.640829141,0.536479721,0.00829489,0.42587514,0.616077453,5.06517723,0
0.795832653,0.091812273,0.81134418,0.655546486,0.722781076,6.140909534,1
0.140564611,0.449689396,0.158962444,0.42849602,0.451473528,3.825816292,0
0.421445016,0.227701941,0.732103672,0.726841719,0.876104189,6.240127363,1
0.513027318,0.477035642,0.952416208,0.393214152,0.626156726,5.924181266,0
0.11021456,0.792903424,0.991492841,0.742512055,0.11196708,6.088475453,1
0.023217774,0.61684498,0.556601711,0.821382421,0.048569351,4.949031218,0
0.822858468,0.484695443,0.823699295,0.282374378,0.891494144,6.530314277,1
0.390567519,0.277466021,0.236026642,0.719304727,0.512428922,4.875020029,0
0.217326787,0.783396235,0.301755452,0.39314761,0.016909073,4.092107517,0
0.222510671,0.050735321,0.084858108,0.949429656,0.250051802,3.888374402,0
0.233877334,0.01738586,0.342698197,0.592645253,0.070799228,2.793216476,0
0.680898012,0.138685121,0.833243682,0.537816001,0.781256332,5.870740989,0
0.976758839,0.798490272,0.14775269,0.439357153,0.731429999,6.837917005,1
0.834803726,0.42296015,0.428083273,0.587535951,0.60289472,6.132202015,1
0.329840957,0.518336923,0.156775814,0.847577226,0.649867409,5.950478584,0
0.789159478,0.275506522,0.791999596,0.350059279,0.253044727,4.777661298,0
0.189795716,0.888214547,0.164526371,0.740144581,0.061111565,5.221642888,0
0.462797215,0.936574871,0.344529552,0.741356167,0.952248142,7.879618688,1
0.950808101,0.18925396,0.969482148,0.422067802,0.232382679,5.248140168,0
0.543073896,0.177531417,0.279989947,0.426403133,0.869972759,4.811520291,0
0.185272406,0.635831654,0.36952885,0.732876354,0.491475252,5.659784999,0
0.699041431,0.296473424,0.165934151,0.772470486,0.54820947,5.604203451,0
0.760191409,0.676531973,0.953780699,0.820165225,0.159054573,7.20089446,1
0.218250624,0.936785726,0.79399436,0.93084688,0.67659166,8.066302946,1
0.288319356,0.033643516,0.875406413,0.828587547,0.680454453,5.580235111,0
0.895811284,0.599169895,0.641029349,0.637083931,0.298222945,6.547858628,1
0.842000419,0.940694552,0.704475634,0.070608419,0.7358024,6.707224577,1
0.018001434,0.753998103,0.460949188,0.217485511,0.394451382,4.129342243,0
0.687356497,0.541241508,0.140050486,0.111986224,0.049429141,3.307206278,0
0.486894294,0.652007659,0.570045939,0.206794692,0.372240088,4.769358468,0
0.883546591,0.778884155,0.934272779,0.004453664,0.682666333,6.369391418,1
0.663995363,0.190604564,0.143572003,0.905899968,0.4356846,5.383425318,0
0.115146442,0.800675333,0.016037634,0.830457828,0.060670378,4.903223422,0
0.541748375,0.015248879,0.170465045,0.4343102,0.082484154,2.663874033,0
0.072426616,0.897078051,0.148861696,0.518662357,0.526388869,5.307521579,0
0.082137178,0.90979487,0.579869225,0.051642647,0.475736368,4.516197233,0
0.243036364,0.139797841,0.29710043,0.833795355,0.991722163,5.614459149,0
0.105762318,0.264375289,0.782155528,0.900831476,0.56796117,5.729281195,0
0.307203602,0.854933839,0.193296442,0.406395117,0.739614964,5.779036313,0
0.641744598,0.950704003,0.415103184,0.394838011,0.543845768,6.52075556,1
0.875681804,0.607917973,0.100664766,0.809387717,0.125582042,5.929604456,0
0.761863993,0.107822156,0.542276672,0.581460209,0.357791728,4.80266256,0
0.95194657,0.782526543,0.775445834,0.474834968,0.586489903,7.441251847,1
0.746460465,0.900908796,0.587150361,0.489954683,0.841034126,7.683208911,1
0.488463245,0.380622253,0.262081072,0.577907567,0.420170792,4.773033123,0
0.45833987,0.320148723,0.30082817,0.298563979,0.434100367,3.833547533,0
0.098188013,0.256554721,0.978350186,0.067685547,0.174658199,2.782450078,0
0.828739498,0.12668156,0.600227355,0.411553933,0.759315645,5.36874124,0
0.83092291,0.612812772,0.82182197,0.015859469,0.670416771,5.677854128,0
0.884797001,0.171146414,0.360215541,0.756859548,0.850116375,6.4292178,1
0.835231128,0.20055659,0.278037501,0.394003195,0.69689107,4.953218446,0
0.141874624,0.590972592,0.964069985,0.212685258,0.080660928,3.972870653,0
0.764927161,0.907647993,0.019163204,0.917131737,0.611289977,7.709544842,1
0.993066818,0.189224303,0.396010316,0.343806602,0.805190407,5.442084676,0
0.729980988,0.99470704,0.090577403,0.16927303,0.547981743,5.701559174,0
0.636335766,0.49253603,0.237731937,0.763338172,0.510053708,6.019345466,1
0.072708995,0.941503989,0.884950729,0.049575931,0.546857231,5.14850962,0
0.083566924,0.266483707,0.822463002,0.710164372,0.324562374,4.715335571,0
0.405321349,0.086067164,0.745017889,0.579554596,0.700202226,5.070637734,0
0.57130289,0.189678044,0.870601571,0.095131715,0.227920129,3.48216662,0
0.247720732,0.210924949,0.106363477,0.694572752,0.137793452,3.437315194,0
0.766304788,0.219492961,0.793698072,0.445635522,0.112759794,4.582370363,0
0.485670339,0.323277858,0.491034736,0.906632455,0.808833114,6.658577108,1
0.155722301,0.325965806,0.427682929,0.942537617,0.889652321,6.252731811,1
0.942444452,0.846879887,0.304676064,0.545956075,0.743440574,7.457991946,1
0.372558649,0.139818502,0.248296589,0.347832408,0.400634994,3.19471608,0
0.134596095,0.140529624,0.763339459,0.564704673,0.383468121,4.082681086,0
0.182272513,0.299773308,0.154151988,0.443560364,0.883612245,4.397367257,0
0.295035329,0.560480498,0.297046237,0.088747597,0.034346932,2.780745845,0
0.481982115,0.289980355,0.112031514,0.330577239,0.726480762,4.207570052,0
0.743503669,0.536319512,0.144328289,0.256269256,0.897422612,5.513458871,0
0.524325867,0.835822415,0.517502266,0.38084156,0.270481447,5.556521565,0
0.471838309,0.073989735,0.41994871,0.610905325,0.592366449,4.576200504,0
0.243232336,0.576131359,0.581699755,0.674800912,0.626608798,6.002487949,1
0.032749759,0.939959698,0.665179627,0.285474928,0.675051429,5.701287236,0
0.4211445,0.959834643,0.184937873,0.974064268,0.511755977,7.432892336,1
0.092175983,0.89413281,0.399868891,0.925426294,0.81873742,7.443033558,1
0.206279625,0.344866204,0.411952173,0.136001476,0.638069118,3.545592106,0
0.490293332,0.500364399,0.128764905,0.768903235,0.048143406,4.718233344,0
0.238866374,0.839403328,0.318907762,0.289877455,0.306845462,4.588865749,0
0.786566361,0.49200105,0.930963015,0.464243028,0.232912882,5.840656654,0
0.42183209,0.166853064,0.819729882,0.663899016,0.822779211,5.911172198,0
0.607610809,0.273256568,0.481405297,0.39164382,0.998969161,5.625431129,0
0.239798998,0.207174553,0.507271928,0.296047452,0.415832363,3.383185855,0
0.389148539,0.475761545,0.185886568,0.706277983,0.151421559,4.577432359,0
0.007420226,0.134799765,0.966466866,0.791119189,0.169194627,4.34742383,0
0.067053929,0.56578108,0.036131519,0.410090899,0.811059325,4.502820969,0
0.859186033,0.772677313,0.204529705,0.138997233,0.463858662,5.236892844,0
0.058622915,0.112515789,0.642305055,0.929988418,0.56221475,5.111699431,0
0.115670813,0.201454438,0.611004975,0.311431552,0.965815829,4.43652385,0
0.967953225,0.161510426,0.127288593,0.006287039,0.229420204,2.821420512,0
0.472608972,0.883854636,0.759701958,0.989336399,0.204883395,7.554007879,1
0.55751122,0.206920314,0.537329133,0.038497546,0.463201488,3.345420496,0
0.669616419,0.679777378,0.965501628,0.334701249,0.203279895,5.754611686,0
0.51900522,0.206516679,0.462434446,0.86275312,0.920424657,6.459884734,1
0.504559416,0.638673951,0.899469068,0.462587273,0.818590077,6.85639272,1
0.972662211,0.319212576,0.065755902,0.00601705,0.940125375,4.591539692,0
0.867542366,0.816269453,0.837033475,0.918827962,0.884119216,9.342303799,1
0.74383937,0.40721516,0.094060452,0.616867186,0.672824528,5.68397872,0
0.84972184,0.217810207,0.770037294,0.450299625,0.412064207,5.306408161,0
0.690264337,0.883916598,0.778472133,0.245558969,0.906708291,7.232377999,1
0.69775951,0.300703144,0.632808759,0.898823683,0.069500605,5.672479416,0
0.10065212,0.700052364,0.366161893,0.302088961,0.185854109,3.824729508,0
0.219790727,0.142982359,0.548362059,0.934330286,0.898151859,6.035496527,1
0.22415881,0.289363182,0.9826221,0.503996936,0.03689169,4.082891664,0
0.554603342,0.419543234,0.133902515,0.735650808,0.536701822,5.504457799,0
0.024374464,0.177165158,0.500734466,0.525737334,0.594079234,3.926401495,0
0.754127155,0.976393937,0.998891151,0.331870666,0.726288816,7.792154194,1
0.421463451,0.55100694,0.448626976,0.62723757,0.121704508,4.91904832,0
0.458107859,0.151851093,0.93795204,0.54044172,0.583422988,5.266254527,0
0.40047474,0.344070466,0.966540227,0.35751402,0.936013126,5.901333592,0
0.40859585,0.115947326,0.648258432,0.899800398,0.277574849,5.097910362,0
0.106513968,0.233181861,0.421293806,0.494681765,0.11869767,3.072059032,0
0.579285979,0.684722284,0.447521991,0.888005013,0.817835159,7.705225422,1
0.133745342,0.402887193,0.916315859,0.765309271,0.102407055,5.018750175,0
0.831264357,0.311947809,0.891298053,0.090557847,0.413905508,4.664991192,0
0.340879861,0.996494822,0.611162049,0.055229728,0.165431204,4.645570086,0
0.702516736,0.451146311,0.476903829,0.569885993,0.26134323,5.305638615,0
0.209104609,0.696546635,0.986105986,0.144162814,0.46678261,4.98458192,0
0.396078633,0.027700967,0.731805453,0.901867905,0.384693223,5.174648162,0
0.028278807,0.46261124,0.283288577,0.110128867,0.97553362,3.966378028,0
0.413453637,0.275459846,0.024489933,0.999719979,0.572143025,5.541493013,0
0.578599913,0.421646674,0.456279806,0.804874249,0.89719759,6.925423205,1
0.349718845,0.99372018,0.05088857,0.458394294,0.007875072,4.715177523,0
0.415378226,0.813025869,0.064282435,0.915752101,0.618047877,6.902144046,1
0.471784804,0.894675478,0.372475707,0.380429828,0.258915191,5.394155345,0
0.747878758,0.64695868,0.784626963,0.608052252,0.164510331,6.262265695,1
0.765395521,0.646033661,0.137394293,0.634962282,0.110804332,5.354926337,0
0.416786645,0.026693249,0.14480332,0.414565795,0.392688043,2.999705105,0
0.617063712,0.534499828,0.590810993,0.427736076,0.314516021,5.234518752,0
0.522834007,0.809456725,0.262046915,0.780956364,0.296798428,6.33004799,1
0.387223181,0.77077666,0.506104656,0.142296867,0.3257431,4.543563989,0
0.860626929,0.299097033,0.490285518,0.194714017,0.72500305,5.044134511,0
0.010772676,0.151643987,0.613678458,0.335585254,0.80576955,3.86747555,0
0.35991268,0.032966545,0.983207646,0.312642239,0.975406193,4.961837183,0
0.466207771,0.181289674,0.959411704,0.421994443,0.424683251,4.731331655,0
0.396565405,0.737587391,0.599036698,0.860212113,0.043837412,6.103973096,1
0.029725894,0.231611637,0.910696612,0.184790958,0.680027043,3.847058948,0
0.202627447,0.716284008,0.065675833,0.26794922,0.521181924,4.2031082,0
0.454840704,0.360690432,0.257647207,0.052824142,0.732371087,3.765711038,0
0.970751679,0.153978713,0.882413686,0.644902156,0.205626924,5.654838248,0
0.709724258,0.382914962,0.53276584,0.755725929,0.888726943,7.003741839,1
0.432532288,0.648048477,0.004646934,0.758617844,0.307288675,5.329183111,0
0.926458875,0.851135615,0.996479877,0.168634214,0.786024626,7.408007835,1
0.400288207,0.597749591,0.73812771,0.333117082,0.842664588,6.009009417,1
0.237466192,0.054224931,0.663222884,0.169870905,0.821839767,3.633822856,0
0.68305787,0.947908588,0.64550545,0.722680871,0.189655858,7.144697167,1
0.069777748,0.375625977,0.50374645,0.893834,0.031515286,4.481463528,0
0.156722585,0.589099621,0.533629302,0.807274624,0.801306475,6.546879737,1
0.38986287,0.382338054,0.639218669,0.96826628,0.081412209,5.575497959,0
0.909467101,0.059457962,0.876195255,0.252212576,0.637421383,5.014917389,0
0.51116371,0.986519906,0.733717168,0.812973866,0.123001797,7.191871662,1
0.161839077,0.996628784,0.437194822,0.73059216,0.323813693,6.344557331,1
0.178428421,0.645892922,0.937832925,0.772961402,0.98789808,7.579629369,1
0.012709274,0.397005219,0.856106518,0.587661914,0.52014153,5.026964342,0
0.944352681,0.6325643,0.682970253,0.318137407,0.299185059,5.866844426,0
0.666195674,0.851809536,0.805900815,0.175012354,0.067803953,5.25841765,0
0.26640868,0.470228984,0.062088408,0.123699866,0.009315632,2.207519847,0
0.262251917,0.900217244,0.821483199,0.847324638,0.547402072,7.585501119,1
0.850165533,0.70094573,0.705706272,0.035077406,0.399840354,5.301291376,0
0.460833287,0.255729443,0.415210101,0.005777463,0.260414605,2.633261855,0
0.852012961,0.132516985,0.933268596,0.49171786,0.131104903,4.865538506,0
0.37117424,0.217866698,0.266063317,0.275621197,0.01725913,2.452358921,0
0.099936126,0.911414355,0.845634944,0.848462546,0.579149371,7.426322712,1
0.678067511,0.206588981,0.107503336,0.723671593,0.49752278,5.000216355,0
0.830794646,0.145153338,0.43811082,0.274189255,0.636695496,4.554228631,0
0.490396679,0.2691849,0.270352953,0.026906442,0.997063503,4.055243915,0
0.831962477,0.49980228,0.906273978,0.513263617,0.460470822,6.505028474,1
0.979466983,0.819501582,0.262400965,0.124234831,0.753503061,6.196632561,1
0.052726726,0.877471671,0.60033276,0.000736517,0.008256455,3.322512627,0
0.85245701,0.347610577,0.978806258,0.947659074,0.752786983,8.068555665,1
0.936178407,0.029614624,0.247752344,0.94210642,0.99752243,6.810069974,1
0.489417962,0.012122822,0.095915494,0.583354933,0.01581898,2.753335014,0
0.904025223,0.507336402,0.366799267,0.650926136,0.867035693,7.109293063,1
0.150294903,0.83659285,0.781842819,0.699412515,0.894264639,7.426583484,1
0.676541777,0.880591321,0.854293458,0.227264334,0.96009562,7.359220275,1
0.355389596,0.612581067,0.671343811,0.018977582,0.465957658,4.216434092,0
0.309546279,0.437802665,0.326511637,0.420924791,0.391252337,4.187893266,0
0.434863023,0.830132664,0.867301522,0.027120544,0.781631595,5.875614166,0
0.462798515,0.9584329,0.420177062,0.591820239,0.829105435,7.367349033,1
0.204929123,0.556453291,0.869454632,0.188009152,0.22157174,4.070921693,0
0.739160341,0.849291735,0.622181892,0.97248764,0.69139668,8.66996242,1
0.060002297,0.075684821,0.634038445,0.258150353,0.553950283,3.05170843,0
0.200207485,0.047086682,0.285518347,0.127377478,0.347119618,1.946411113,0
0.860171774,0.508223024,0.890277768,0.944458608,0.016512377,6.908816567,1
0.96997144,0.299879836,0.325019335,0.319902888,0.029640841,3.978702868,0
0.578298142,0.078186383,0.052287181,0.378270549,0.353592341,3.115035114,0
0.736664226,0.09347367,0.772243583,0.031076294,0.675288216,4.091365628,0
0.744485084,0.12254072,0.850687726,0.939425981,0.138079281,5.834199153,0
0.446366673,0.521210157,0.15804027,0.009185461,0.827481174,4.109252485,0
0.128950266,0.79687449,0.06031399,0.457925651,0.021545064,3.828393927,0
0.190117641,0.409085478,0.758682509,0.882938666,0.514194932,6.078708139,1
0.244258083,0.32988647,0.298318801,0.827836342,0.846639176,5.82396928,0
0.071276996,0.125958674,0.059024518,0.519384522,0.859722207,3.76708602,0
0.016277186,0.133114269,0.080920502,0.469275124,0.743999552,3.34278402,0
0.651373969,0.837115574,0.472032181,0.456991798,0.066617594,5.534567186,0
0.503251435,0.14656267,0.666008216,0.737910361,0.818128031,5.990515184,0
0.774691342,0.982696323,0.411722432,0.693482099,0.160265892,6.932145667,1
0.849856584,0.137570525,0.479972156,0.762710318,0.720428156,6.200998037,1
0.189019167,0.731954084,0.640058583,0.284757467,0.458974018,4.949102783,0
0.110470585,0.262364468,0.729979273,0.224680652,0.37097713,3.317542471,0
0.098779497,0.7046755,0.126294325,0.115501453,0.55380872,3.697324111,0
0.24480101,0.349554034,0.886681246,0.799351437,0.409384506,5.744328961,0
0.761180583,0.057180278,0.60105963,0.200710621,0.21719089,3.368962686,0
0.67277077,0.338919788,0.608773522,0.062943708,0.785267025,4.722990189,0
0.76050352,0.31325228,0.591945209,0.469232081,0.951163058,6.289141075,1
0.694732287,0.473397087,0.411519861,0.195712173,0.368929054,4.39803356,0
0.021953776,0.847160285,0.003929408,0.220096389,0.185490445,3.337294811,0
0.903043548,0.48958738,0.549741314,0.647982147,0.332489202,6.237094552,1
0.101628325,0.610329551,0.674680764,0.208907273,0.289566318,3.95541739,0
0.44469549,0.070672296,0.842428854,0.735913329,0.532094613,5.349570239,0
0.965267202,0.059694741,0.727694672,0.474078378,0.315942796,4.902744037,0
0.115267085,0.297115633,0.938439334,0.226273687,0.894190793,4.763847742,0
0.160040459,0.541653936,0.779861415,0.050335343,0.046973032,3.079269708,0
0.227832933,0.209675273,0.064786186,0.648171623,0.914494895,4.761514403,0
0.881475754,0.149948863,0.039635833,0.644393213,0.310655953,4.513334939,0
0.476996829,0.134176861,0.773515486,0.857545058,0.627081605,6.022739678,1
0.063604565,0.687375018,0.926165373,0.457970737,0.083365777,4.752059439,0
0.96775127,0.758426992,0.518419957,0.133930967,0.951394506,6.793325322,1
0.328108673,0.139626198,0.82444007,0.710323622,0.53448645,5.233310938,0
0.728406873,0.757475818,0.225601131,0.072388958,0.85278993,5.578455012,0
0.379050786,0.824570113,0.469513426,0.287960284,0.509065097,5.409495797,0
0.838067777,0.875472379,0.817682716,0.664207425,0.486665815,7.893380689,1
0.112478109,0.310972258,0.776064774,0.022107358,0.162388562,2.515885253,0
0.393611396,0.280007533,0.617501987,0.550717652,0.357950132,4.626589688,0
0.839815966,0.259830175,0.698790199,0.220681397,0.401195118,4.619353932,0
0.5611541,0.670623263,0.644866979,0.648344374,0.036912686,5.657409951,0
0.619686975,0.577002326,0.660241354,0.723190809,0.310721539,6.294478851,1
0.377629286,0.68948995,0.521188643,0.912563398,0.55214376,6.999684894,1
0.874268431,0.731942751,0.448206187,0.853907261,0.848256502,8.323514204,1
0.748242506,0.172700776,0.572706756,0.968490299,0.831670509,7.059447333,1
0.613408794,0.74155522,0.920252214,0.185337088,0.329799697,5.580743514,0
0.715297754,0.917060087,0.581931009,0.272483234,0.608348969,6.571669082,1
0.849730718,0.340638042,0.017979746,0.536799831,0.894323585,5.799782482,0
0.148675216,0.448154279,0.828515812,0.385695691,0.847660447,5.443441107,0
0.366674044,0.616412426,0.072865543,0.945651252,0.104289826,5.353835665,0
0.539504641,0.209332062,0.330299068,0.28898405,0.943148241,4.712166898,0
0.936528919,0.592363549,0.070942163,0.160907224,0.967121675,5.771868188,0
0.511184533,0.144892636,0.308927103,0.817745685,0.396423337,4.885941915,0
0.574677515,0.408032892,0.481884139,0.015542609,0.973287493,4.796559596,0
0.276642142,0.944098978,0.106033179,0.909992904,0.250755696,6.314665668,1
0.29764697,0.117691871,0.664035968,0.493980204,0.54932847,4.301732126,0
0.560098001,0.480215183,0.754355721,0.486907404,0.126730196,5.009581308,0
0.994753323,0.394376259,0.993479138,0.26757292,0.124200611,5.252570514,0
0.808141979,0.646561672,0.765309594,0.04439834,0.752390654,5.895452971,0
0.46224712,0.396325648,0.846060014,0.880635864,0.963740639,7.54623892,1
0.366735008,0.795678161,0.101186767,0.884115365,0.949854135,7.393208197,1
0.166990924,0.773395148,0.858093669,0.656216474,0.445631341,6.369968207,1
0.993475975,0.827408245,0.147266373,0.278009298,0.989601222,6.997365173,1
0.32699264,0.927833695,0.679387815,0.670756714,0.252424717,6.477763387,1
0.384405523,0.974810395,0.531293059,0.042514825,0.717274569,5.621157401,0
0.412290944,0.295914124,0.088327413,0.615672346,0.008009748,3.448562305,0
0.717331453,0.332667721,0.08051595,0.609633959,0.970163085,5.990808781,0
0.287056707,0.875602603,0.679989727,0.562829931,0.150374653,5.751083237,0
0.329453448,0.591515511,0.466688036,0.807623326,0.502240404,6.170628911,1
0.970241938,0.684697296,0.225162156,0.217693971,0.48494654,5.495553673,0
0.928352804,0.442270306,0.841244014,0.324815975,0.761056339,6.489942706,1
0.20596726,0.436625589,0.518792672,0.327275418,0.028774885,3.273422849,0
0.438364693,0.53063253,0.783343659,0.927175875,0.509241339,7.00251434,1
0.985503939,0.176106091,0.928179859,0.10562023,0.374523415,4.590015927,0
0.045455934,0.39073906,0.624681788,0.441146977,0.302452951,3.886793822,0
0.655214954,0.519172447,0.64638176,0.753785972,0.144701651,5.938165497,0
0.614726685,0.807707919,0.781466918,0.887219357,0.804788133,8.539759242,1
0.512442289,0.752412812,0.939366204,0.177609392,0.497877874,5.770628202,0
0.311459965,0.624549792,0.008659977,0.03100043,0.039054848,2.422456406,0
0.547709586,0.437520591,0.01415019,0.408632264,0.64038627,4.638787128,0
0.060559161,0.410274951,0.590494392,0.745291326,0.379976252,4.949805211,0
0.819649073,0.633770752,0.575164093,0.424273522,0.650045957,6.504423404,1
0.193138663,0.345433746,0.115637966,0.498577606,0.657982506,4.192887539,0
0.467360917,0.04565412,0.306500919,0.661859288,0.788980973,4.873236026,0
0.199166451,0.617659127,0.062159605,0.020951549,0.894205948,3.961154306,0
0.026171311,0.80062448,0.917199332,0.595278383,0.765877782,6.740222358,1
0.510429204,0.778730849,0.128742349,0.33416947,0.060534927,4.278548569,0
0.807836075,0.532278275,0.924901208,0.115983885,0.139614534,4.789157985,0
0.219133668,0.791461038,0.128184556,0.179104866,0.151722415,3.527565331,0
0.586623979,0.442161997,0.996316079,0.6167382,0.414754902,6.243522283,1
0.306434306,0.946304209,0.65248744,0.435185606,0.475848096,6.222084321,1
0.699343646,0.070822664,0.928305371,0.278045861,0.558522008,4.659508947,0
0.200455401,0.259996375,0.939198203,0.607015616,0.582287593,5.289026234,0
0.876634984,0.908129895,0.271509147,0.209753511,0.856225121,6.716863041,1
0.390484001,0.673021463,0.276646428,0.665260506,0.341470491,5.501832036,0
0.48447801,0.953107143,0.823757162,0.336379627,0.006993257,5.575185342,0
0.218268399,0.569369984,0.628735879,0.267126577,0.923724095,5.426194997,0
0.117689899,0.262261394,0.850077014,0.872155103,0.088782746,4.798075186,0
0.59452257,0.472487986,0.164165616,0.872100342,0.719134133,6.519316779,1
0.017360861,0.716483888,0.235211172,0.257456647,0.224742302,3.486235229,0
0.918515393,0.723715681,0.282107722,0.708250096,0.736992027,7.50558847,1
0.976969544,0.768332109,0.829846676,0.763098221,0.845670012,8.872880859,1
0.67795859,0.428906099,0.635177336,0.228666755,0.929136415,5.777498097,0
0.811047322,0.631972595,0.860084567,0.759318928,0.027809557,6.60229921,1
0.282324721,0.386047261,0.16993635,0.641189174,0.600730982,4.834041016,0
0.784576653,0.869091843,0.453681175,0.864778964,0.427932479,7.73102434,1
0.675256304,0.302524285,0.091405616,0.934530498,0.839954789,6.524503769,1
0.634139202,0.952655152,0.714168687,0.059594421,0.919356447,6.717395365,1
0.085928702,0.023122445,0.580666203,0.912676146,0.939344787,5.537993438,0
0.10269886,0.084256976,0.718732296,0.526009884,0.142732302,3.217900447,0
0.923774541,0.131696457,0.878113051,0.722538265,0.673211069,6.664402573,1
0.947994338,0.784068384,0.547461858,0.717924998,0.220541157,7.08664451,1
0.755011611,0.966221933,0.391385224,0.327132255,0.042403435,5.532976853,0
0.655382351,0.213945747,0.430823919,0.849347057,0.082517171,4.963294165,0
0.897297589,0.709399486,0.637805277,0.73029209,0.354299074,7.224324759,1
0.754318064,0.247420716,0.22680479,0.676674431,0.932473375,6.149163078,1
0.91105649,0.631384231,0.085195226,0.012131105,0.313541329,4.114716009,0
0.98706978,0.740284401,0.835211862,0.645965311,0.410666459,7.61449253,1
0.034973971,0.53574501,0.688232916,0.268501562,0.401323879,4.049270999,0
0.994643639,0.214761471,0.714585523,0.300613943,0.045391513,4.31434585,0
0.359789903,0.316932425,0.354661608,0.593281109,0.34949377,4.40352448,0
0.723069035,0.340538021,0.059266078,0.223862828,0.185839097,3.311324347,0
0.87704045,0.771164015,0.503955959,0.673345065,0.980406491,8.25696005,1
0.348981632,0.975404824,0.392053467,0.364811013,0.624161509,6.106325113,1
0.963377462,0.426978588,0.220281981,0.849072892,0.462191615,6.553430026,1
0.152748884,0.201732108,0.596265845,0.13006368,0.71584089,3.460107991,0
0.052082377,0.230865807,0.524600273,0.547951015,0.399155878,3.828058261,0
0.098144267,0.787437108,0.32679472,0.621379614,0.422655233,5.394705672,0
0.142759232,0.848528446,0.392070462,0.680813062,0.478299744,6.013333905,1
0.905593581,0.610483071,0.904829075,0.349455094,0.573006502,6.686950417,1
0.356606177,0.325183288,0.700187379,0.398267316,0.416341701,4.476038402,0
0.532328678,0.808663877,0.23346527,0.582505841,0.265079965,5.669822107,0
0.645647325,0.376665117,0.276893305,0.291037942,0.544488217,4.486672897,0
0.527992073,0.888902113,0.576672171,0.259194019,0.361189178,5.620478087,0
0.027283829,0.209912371,0.647477086,0.996944627,0.715493517,5.825606071,0
0.254264344,0.159267493,0.616541857,0.368662982,0.048081435,2.905559634,0
0.266568612,0.119912813,0.166254059,0.589304549,0.024641688,2.779408148,0
0.924563568,0.971675076,0.477541578,0.041746277,0.915105255,6.896546008,1
0.546565512,0.048080032,0.392609234,0.248264529,0.373637824,3.119206348,0
0.098104394,0.56993468,0.879322234,0.26962956,0.176085222,4.074243064,0
0.985554247,0.396479483,0.667472342,0.609957691,0.227288381,5.977850812,0
0.989572069,0.575322967,0.00314567,0.425876182,0.464950927,5.483496395,0
0.994781998,0.141760887,0.842364657,0.622541413,0.903593516,6.941653834,1
0.60275529,0.848949374,0.602252793,0.869828866,0.350139716,7.41852777,1
0.10892945,0.388905783,0.53039475,0.308915441,0.368912809,3.615495107,0
0.17777003,0.508055955,0.199637105,0.967176197,0.264316365,5.283546879,0
0.582341849,0.155077413,0.211745411,0.783291143,0.433338957,4.879220558,0
0.924861915,0.244865487,0.304933891,0.154886761,0.018434822,3.223752889,0
0.076806505,0.867446327,0.927398468,0.79634235,0.876177118,7.82528872,1
0.953444583,0.52266479,0.709922095,0.946612381,0.312298511,7.460356614,1
0.424153681,0.20663002,0.868269381,0.165110411,0.857777773,4.724229903,0
0.529628715,0.08744602,0.144576853,0.742156204,0.326584145,4.17618969,0
0.406204364,0.957746579,0.514158458,0.938807317,0.7596189,8.256146915,1
0.174112204,0.699277486,0.816157523,0.928466473,0.907450239,7.832507076,1
0.513485918,0.43927865,0.644110264,0.756446755,0.850791966,6.88725823,1
0.619102016,0.817045489,0.34088764,0.405041433,0.928816585,6.815610949,1
0.091526702,0.943551562,0.068696625,0.389903381,0.331435077,4.593777472,0
0.413366659,0.963451285,0.985254943,0.310460546,0.0597118,5.733031004,0
0.529353585,0.467952798,0.685054536,0.332457952,0.291920845,4.710408194,0
0.11155402,0.605990227,0.469145761,0.125385187,0.836001063,4.52710818,0
0.139492288,0.78841746,0.172089015,0.550620881,0.585220555,5.37632417,0
0.536411042,0.238698437,0.427487644,0.993062423,0.643531664,6.349905184,1
0.550810007,0.354187917,0.389171385,0.412435038,0.88898998,5.453015647,0
0.617082073,0.364399995,0.998964218,0.015905589,0.266521877,4.064540451,0
0.876127135,0.786938105,0.136278051,0.491585732,0.699533314,6.697393948,1
0.868656682,0.513918131,0.578335293,0.211161593,0.236385089,4.830926191,0
0.764112031,0.728716209,0.545743179,0.141870839,0.651609899,5.810153452,0
0.339705799,0.430000656,0.627276163,0.49583712,0.434069235,4.943260178,0
0.931508954,0.851429438,0.187119028,0.85142056,0.361866389,7.401980347,1
0.333688995,0.615495293,0.52544036,0.158829562,0.243259479,3.938190646,0
0.51502677,0.572368422,0.558679706,0.461278484,0.571419976,5.720363992,0
0.901693667,0.352774608,0.726498419,0.866963696,0.47652814,7.03178059,1
0.940137264,0.783269732,0.671449568,0.960222134,0.249516495,7.999854729,1
0.885458699,0.536567168,0.668122798,0.139717418,0.961751185,6.294230002,1
0.661516675,0.829517419,0.7456358,0.758926586,0.215030389,7.081916858,1
0.254608764,0.502226009,0.924079035,0.897568601,0.343087649,6.376565781,1
0.526568817,0.030722557,0.965009709,0.511735264,0.363017256,4.575501077,0
0.5733138,0.652486476,0.639284418,0.268985245,0.339954572,5.13648999,0
0.537789955,0.23064688,0.698224217,0.937838179,0.845007869,6.953970841,1
0.330583924,0.286255608,0.173689419,0.087674948,0.264190873,2.388222778,0
0.496565872,0.873176154,0.354617514,0.32685091,0.301350262,5.286037194,0
0.702140638,0.504427759,0.052623421,0.601644078,0.539503784,5.503174578,0
0.910852459,0.191086794,0.338472062,0.47470405,0.359043818,4.703441961,0
0.796797734,0.412397731,0.336938697,0.611301203,0.885670182,6.542724769,1
0.128573713,0.649656195,0.476174225,0.203724998,0.260330016,3.758385554,0
0.612917672,0.392070014,0.177313164,0.938497875,0.700749754,6.507886233,1
0.737877839,0.533893711,0.078332288,0.621326265,0.459448225,5.579000911,0
0.853456963,0.451268168,0.352945637,0.463938932,0.87569972,6.326970501,1
0.594490658,0.17331341,0.868649806,0.789446581,0.429621891,5.88011992,0
0.068947834,0.902343927,0.72832164,0.695241394,0.453863989,6.490119599,1
0.420581458,0.057571482,0.977682827,0.300770088,0.368478895,3.879690626,0
0.291011478,0.825074032,0.909582995,0.238149039,0.157263575,5.021864502,0
0.83859659,0.884299184,0.498602682,0.475761773,0.54543454,7.046377515,1
0.267074977,0.56368401,0.375503587,0.609880308,0.111380395,4.504353671,0
0.715375421,0.65122759,0.698612467,0.423326616,0.947695941,7.131215754,1
0.20101322,0.161960574,0.073559987,0.262059491,0.102967055,1.860359535,0
0.497720499,0.192196395,0.073311732,0.180869925,0.098121148,2.228337146,0
0.915720038,0.533738626,0.240296272,0.908021777,0.915359993,7.861554203,1
0.675687963,0.204674988,0.39878768,0.656785333,0.642726532,5.496659888,0
0.256533484,0.63656109,0.661474946,0.02041725,0.416356228,3.995552052,0
0.12379403,0.501916259,0.848371815,0.093838081,0.607220992,4.250024473,0
0.107475753,0.431679107,0.77016418,0.386113581,0.511693416,4.572239941,0
0.09587501,0.682703825,0.98360459,0.354567555,0.235298725,4.883898003,0
0.804582632,0.92892969,0.056509501,0.89975434,0.175690467,6.968037442,1
